numero_departement;nom_commune;codes_postaux;latitude;longitude
4;Digne-les-Bains;4000;44.09;6.24
4;Entrages;4000;44.05;6.266667
4;Manosque;4100;43.833333;5.783333
4;Aubenas-les-Alpes;4110;43.933333;5.683333
4;Montfuron;4110;43.833333;5.7
4;Montjustin;4110;43.85;5.633333
4;Oppedette;4110;43.933333;5.6
4;Reillanne;4110;43.883333;5.666667
4;Sainte-Croix-a -Lauze;4110;43.916667;5.616667
4;Vacheres;4110;43.933333;5.633333
4;Villemus;4110;43.866667;5.7
4;Castellane;4120;43.85;6.516667
4;Demandolx;4120;43.866667;6.583333
4;La Garde;4120;43.833333;6.55
4;Peyroules;4120;43.816667;6.633333
4;Rougon;4120;43.8;6.4
4;Soleilhas;4120;43.85;6.65
4;Volx;4130;43.883333;5.85
4;Auzet;4140;44.3;6.3
4;Barles;4140;44.266667;6.266667
4;Le Vernet;4140;44.283333;6.4
4;Montclar;4140;44.4;6.333333
4;Seyne;4140;44.35;6.35
4;Verdaches;4140;44.266667;6.333333
4;Banon;4150;44.033333;5.633333
4;La Rochegiron;4150;44.083333;5.65
4;L'Hospitalet;4150;44.083333;5.7
4;Revest-des-Brousses;4150;43.966667;5.666667
4;Revest-du-Bion;4150;44.083333;5.55
4;Saumane;4150;44.083333;5.683333
4;Simiane-la-Rotonde;4150;43.983333;5.566667
4;Chateau-Arnoux-Saint-Auban;4160;44.09;6.01
4;L'Escale;4160;44.083333;6.033333
4;Allons;4170;43.966667;6.6
4;Angles;4170;43.933333;6.566667
4;Lambruisse;4170;44.05;6.433333
4;Moriez;4170;43.95;6.466667
4;Saint-Andre-les-Alpes;4170;43.966667;6.5
4;Saint-Julien-du-Verdon;4170;43.916667;6.533333
4;Thorame-Basse;4170;44.083333;6.5
4;Thorame-Haute;4170;44.1;6.55
4;Vergons;4170;43.916667;6.583333
4;Villeneuve;4180;43.9;5.866667
4;Les Mees;4190;44.033333;5.983333
4;Aubignosc;4200;44.133333;5.966667
4;Authon;4200;44.233333;6.133333
4;Bevons;4200;44.183333;5.9
4;Chateauneuf-Miravail;4200;44.15;5.716667
4;Chateauneuf-Val-Saint-Donat;4200;44.1;5.95
4;Curel;4200;44.183333;5.666667
4;Entrepierres;4200;44.2;5.983333
4;Les Omergues;4200;44.166667;5.6
4;Mison;4200;44.266667;5.833333
4;Noyers-sur-Jabron;4200;44.166667;5.833333
4;Peipin;4200;44.133333;5.95
4;Saint-Geniez;4200;44.25;6.05
4;Saint-Vincent-sur-Jabron;4200;44.166667;5.733333
4;Sigoyer;4200;44.316667;5.95
4;Sisteron;4200;44.2;5.933333
4;Theze;4200;44.316667;5.916667
4;Valbelle;4200;44.15;5.883333
4;Valernes;4200;44.266667;5.966667
4;Vaumeilh;4200;44.283333;5.95
4;Brunet;4210;43.9;6.033333
4;Valensole;4210;43.833333;5.983333
4;Corbieres;4220;43.766667;5.75
4;Sainte-Tulle;4220;43.783333;5.766667
4;Cruis;4230;44.066667;5.833333
4;Fontienne;4230;44.016667;5.8
4;Lardiers;4230;44.05;5.716667
4;Ongles;4230;44.033333;5.733333
4;Revest-Saint-Martin;4230;44.033333;5.816667
4;Saint-Etienne-les-Orgues;4230;44.05;5.783333
4;Annot;4240;43.966667;6.666667
4;Braux;4240;43.983333;6.683333
4;Le Fugeret;4240;44,0000000;6.633333
4;Meailles;4240;44.033333;6.633333
4;Saint-Benoit;4240;43.966667;6.733333
4;Ubraye;4240;43.9;6.7
4;Bayons;4250;44.333333;6.166667
4;Bellaffaire;4250;44.416667;6.183333
4;Chateaufort;4250;44.266667;6.016667
4;Clamensane;4250;44.316667;6.066667
4;Faucon-du-Caire;4250;44.4;6.1
4;Gigors;4250;44.416667;6.15
4;La Motte-du-Caire;4250;44.35;6.033333
4;Le Caire;4250;44.366667;6.05
4;Melve;4250;44.35;5.983333
4;Nibles;4250;44.283333;6.016667
4;Turriers;4250;44.4;6.166667
4;Valavoire;4250;44.266667;6.083333
4;Allos;4260;44.233333;6.633333
4;Beynes;4270;43.983333;6.233333
4;Bras-d'Asse;4270;43.916667;6.116667
4;Chateauredon;4270;44.016667;6.216667
4;Estoublon;4270;43.933333;6.166667
4;Majastres;4270;43.916667;6.3
4;Mezel;4270;43.983333;6.2
4;Saint-Jeannet;4270;43.95;6.116667
4;Saint-Julien-d'Asse;4270;43.916667;6.1
4;Cereste;4280;43.85;5.583333
4;Salignac;4290;44.166667;5.983333
4;Sourribes;4290;44.15;6.016667
4;Volonne;4290;44.116667;6.016667
4;Dauphin;4300;43.9;5.783333
4;Forcalquier;4300;43.966667;5.783333
4;Limans;4300;43.983333;5.733333
4;Mane;4300;43.933333;5.766667
4;Niozelles;4300;43.933333;5.833333
4;Pierrerue;4300;43.95;5.833333
4;Saint-Maime;4300;43.9;5.8
4;Sigonce;4300;44,0000000;5.833333
4;Ganagobie;4310;44,0000000;5.916667
4;Peyruis;4310;44.033333;5.933333
4;Castellet-les-Sausses;4320;43.983333;6.766667
4;Entrevaux;4320;43.95;6.816667
4;Sausses;4320;44.016667;6.783333
4;Barreme;4330;43.95;6.366667
4;Blieux;4330;43.866667;6.366667
4;Chaudon-Norante;4330;43.983333;6.35
4;Clumanc;4330;44.033333;6.416667
4;Saint-Jacques;4330;43.966667;6.416667
4;Saint-Lions;4330;43.983333;6.4
4;Senez;4330;43.916667;6.4
4;Tartonne;4330;44.066667;6.383333
4;La Breole;4340;44.45;6.3
4;Le Lauzet-Ubaye;4340;44.433333;6.433333
4;Saint-Vincent-les-Forts;4340;44.45;6.383333
4;Malijai;4350;44.05;6.033333
4;Moustiers-Sainte-Marie;4360;43.85;6.216667
4;Beauvezer;4370;44.15;6.6
4;Colmars;4370;44.183333;6.633333
4;Barras;4380;44.1;6.116667
4;Le Castellard-Melan;4380;44.183333;6.133333
4;Thoard;4380;44.15;6.15
4;Barcelonnette;4400;44.383333;6.65
4;Enchastrayes;4400;44.366667;6.7
4;Faucon-de-Barcelonnette;4400;44.4;6.683333
4;Les Thuiles;4400;44.4;6.566667
4;Puimoisson;4410;43.866667;6.133333
4;Saint-Jurs;4410;43.9;6.2
4;Archail;4420;44.116667;6.333333
4;Beaujeu;4420;44.2;6.366667
4;Draix;4420;44.133333;6.35
4;La Javie;4420;44.166667;6.35
4;Le Brusquet;4420;44.15;6.3
4;Marcoux;4420;44.133333;6.283333
4;Selonnet;4460;44.366667;6.3
4;Quinson;4500;43.7;6.033333
4;Riez;4500;43.816667;6.1
4;Roumoules;4500;43.833333;6.133333
4;Saint-Laurent-du-Verdon;4500;43.716667;6.066667
4;Aiglun;4510;44.066667;6.133333
4;Mallemoisson;4510;44.05;6.133333
4;Mirabeau;4510;44.066667;6.083333
4;Larche;4540;44.45;6.85
4;Meyronnes;4540;44.483333;6.8
4;Allemagne-en-Provence;4550;43.783333;6.016667
4;Esparron-de-Verdon;4550;43.733333;5.983333
4;Montfort;4600;44.066667;5.966667
4;Villars-Colmars;4640;44.166667;6.6
4;Champtercier;4660;44.1;6.166667
4;Entrevennes;4700;43.933333;6.033333
4;La Brillanne;4700;43.916667;5.883333
4;Le Castellet;4700;43.933333;5.983333
4;Lurs;4700;43.966667;5.883333
4;Oraison;4700;43.916667;5.916667
4;Puimichel;4700;43.966667;6.016667
4;Greoux-les-Bains;4800;43.75;5.883333
4;Saint-Martin-de-Bromes;4800;43.766667;5.95
4;Jausiers;4850;44.416667;6.733333
4;Pierrevert;4860;43.816667;5.75
4;Saint-Martin-les-Eaux;4870;43.883333;5.75
4;Saint-Michel-l'Observatoire;4870;43.916667;5.716667
5;Gap;5000;44.566667;6.083333
5;La Batie-Vieille;5000;44.55;6.166667
5;La Freissinouse;5000;44.533333;6.016667
5;La Rochette;5000;44.6;6.15
5;Neffes;5000;44.5;6.033333
5;Pelleautier;5000;44.516667;6.016667
5;Rambaud;5000;44.55;6.133333
5;Briancon;5100;44.9;6.65
5;Cervieres;5100;44.866667;6.716667
5;Montgenevre;5100;44.933333;6.716667
5;Nevache;5100;45.01955;6.6044
5;Puy-Saint-Andre;5100;44.883333;6.6
5;Puy-Saint-Pierre;5100;44.9;6.616667
5;Val-des-Pres;5100;44.95;6.683333
5;Villar-Saint-Pancrace;5100;44.866667;6.633333
5;Barcillonnette;5110;44.433333;5.916667
4;Claret;5110;44.366667;5.95
4;Curbans;5110;44.433333;6.033333
5;La Saulce;5110;44.416667;6.016667
5;Lardier-et-Valenca;5110;44.433333;5.966667
5;Monetier-Allemont;5110;44.383333;5.933333
5;Vitrolles;5110;44.433333;5.933333
5;L'Argentiere-la-Bessee;5120;44.783333;6.55
5;Les Vigneaux;5120;44.816667;6.533333
5;Fouillouse;5130;44.45;6.016667
5;Jarjayes;5130;44.5;6.116667
5;Lettret;5130;44.466667;6.066667
4;Piegut;5130;44.45;6.116667
5;Saint-Etienne-le-Laus;5130;44.5;6.166667
5;Tallard;5130;44.466667;6.05
5;Valserres;5130;44.483333;6.133333
4;Venterol;5130;44.45;6.1
5;Aspremont;5140;;
5;Aspres-sur-Buech;5140;44.516667;5.75
5;La Beaume;5140;44.566667;5.633333
5;La Faurie;5140;44.566667;5.733333
5;Montbrand;5140;44.583333;5.683333
5;Saint-Julien-en-Beauchene;5140;44.616667;5.7
5;Saint-Pierre-d'Argencon;5140;44.516667;5.7
5;Bruis;5150;44.466667;5.516667
5;Montjay;5150;44.366667;5.6
5;Montmorin;5150;44.45;5.55
5;Moydans;5150;44.4;5.5
5;Ribeyret;5150;44.416667;5.55
5;Rosans;5150;44.383333;5.466667
5;Saint-Andre-de-Rosans;5150;44.383333;5.516667
5;Sainte-Marie;5150;44.466667;5.475
5;Sorbiers;5150;44.366667;5.566667
4;Pontis;5160;44.5;6.366667
5;Reallon;5160;44.6;6.366667
5;Saint-Apollinaire;5160;44.566667;6.366667
5;Orcieres;5170;44.683333;6.333333
5;Breziers;5190;44.433333;6.2
5;Espinasses;5190;44.466667;6.216667
5;Remollon;5190;44.466667;6.166667
5;Rochebrune;5190;44.466667;6.183333
5;Theus;5190;44.466667;6.2
5;Baratier;5200;44.533333;6.5
5;Crevoux;5200;44.55;6.6
5;Embrun;5200;44.566667;6.5
5;Les Orres;5200;44.516667;6.55
5;Puy-Saint-Eusebe;5200;44.566667;6.416667
5;Puy-Sanieres;5200;44.55;6.433333
5;Saint-Andre-d'Embrun;5200;44.583333;6.533333
5;Saint-Sauveur;5200;44.533333;6.516667
5;Le Monetier-les-Bains;5220;44.983333;6.516667
5;Avancon;5230;44.533333;6.183333
5;Chorges;5230;44.55;6.283333
5;La Batie-Neuve;5230;44.566667;6.2
5;Montgardin;5230;44.55;6.233333
5;Prunieres;5230;44.55;6.333333
5;Agnieres-en-Devoluy;5250;44.7;5.883333
5;La Cluse;5250;44.633333;5.85
5;Saint-Etienne-en-Devoluy;5250;44.7;5.933333
5;Ancelle;5260;44.633333;6.2
5;Chabottes;5260;44.65;6.183333
5;Champoleon;5260;44.733333;6.233333
5;Saint-Jean-Saint-Nicolas;5260;44.666667;6.216667
5;Saint-Leger-les-Melezes;5260;44.65;6.2
5;Saint-Michel-de-Chaillol;5260;44.666667;6.166667
5;Puy-Saint-Vincent;5290;44.833333;6.483333
5;Vallouise;5290;44.85;6.483333
5;Antonaves;5300;44.266667;5.8
5;Barret-sur-Meouge;5300;44.266667;5.733333
5;Chateauneuf-de-Chabre;5300;44.283333;5.816667
5;Eyguians;5300;44.35;5.783333
5;Lagrand;5300;44.333333;5.75
5;Laragne-Monteglin;5300;44.32;5.82
5;Lazer;5300;44.35;5.833333
5;Le Poet;5300;44.283333;5.883333
5;Ribiers;5300;44.233333;5.866667
5;Saint-Genis;5300;44.383333;5.766667
5;Saint-Pierre-Avez;5300;44.25;5.766667
5;Saleon;5300;44.35;5.766667
5;Salerans;5300;44.25;5.7
5;Upaix;5300;44.316667;5.883333
5;Ventavon;5300;44.366667;5.9
5;La Roche-de-Rame;5310;44.75;6.583333
5;La Grave;5320;45.05;6.31
5;Saint-Chaffrey;5330;44.916667;6.6
5;Arvieux;5350;44.766667;6.733333
5;Molines-en-Queyras;5350;44.733333;6.85
5;Saint-Veran;5350;44.7;6.866667
5;Chateauroux-les-Alpes;5380;44.616667;6.516667
5;Chabestan;5400;44.483333;5.783333
5;Chateauneuf-d'Oze;5400;44.516667;5.866667
5;Furmeyer;5400;44.533333;5.866667
5;La Roche-des-Arnauds;5400;44.566667;5.95
5;Le Saix;5400;44.483333;5.833333
5;Manteyer;5400;44.533333;5.966667
5;Montmaur;5400;44.583333;5.883333
5;Oze;5400;44.5;5.8
5;Rabou;5400;44.6;6,0000000
5;Saint-Auban-d'Oze;5400;44.5;5.85
5;Veynes;5400;44.533333;5.816667
5;Abries;5460;44.783333;6.933333
5;Chateau-Ville-Vieille;5460;44.766667;6.8
5;Ristolas;5460;44.766667;6.95
5;Aiguilles;5470;44.783333;6.866667
5;Villar-d'Arene;5480;45.04225;6.33711
5;Buissard;5500;44.65;6.133333
5;La Fare-en-Champsaur;5500;44.666667;6.066667
5;La Motte-en-Champsaur;5500;44.733333;6.066667
5;Laye;5500;44.633333;6.083333
5;Le Noyer;5500;44.7;6.016667
5;Les Costes;5500;44.75;6.033333
5;Les Infournas;5500;44.716667;6.1
5;Poligny;5500;44.7;6.05
5;Saint-Eusebe-en-Champsaur;5500;44.733333;6.033333
5;Saint-Julien-en-Champsaur;5500;44.666667;6.133333
5;Saint-Laurent-du-Cros;5500;44.65;6.116667
5;Vars;5560;44.616667;6.683333
5;Ceillac;5600;44.666667;6.775
5;Guillestre;5600;44.666667;6.65
5;Mont-Dauphin;5600;44.666667;6.616667
5;Reotier;5600;44.666667;6.6
5;Risoul;5600;44.65;6.633333
5;Saint-Crepin;5600;44.7;6.6
5;Chanousse;5700;44.35;5.65
5;La Batie-Montsaleon;5700;44.45;5.75
5;La Piarre;5700;44.466667;5.65
5;Le Bersac;5700;44.416667;5.75
5;L'Epine;5700;44.416667;5.616667
5;Mereuil;5700;44.383333;5.733333
5;Montclus;5700;44.416667;5.683333
5;Montrond;5700;44.383333;5.75
5;Orpierre;5700;44.316667;5.683333
5;Savournon;5700;44.416667;5.783333
5;Sigottier;5700;44.45;5.7
5;Trescleoux;5700;44.35;5.7
5;Aspres-les-Corps;5800;44.8;5.983333
5;Chauffayer;5800;44.75;6.016667
5;Le Glaizil;5800;44.75;5.983333
5;Saint-Jacques-en-Valgodemard;5800;44.766667;6.05
5;Saint-Maurice-en-Valgodemard;5800;44.8;6.083333
5;Villar-Loubiere;5800;44.833333;6.133333
6;Nice;6000;43.7;7.25
6;Le Cannet;6110;43.566667;7.016667
6;Grasse;6130;43.666667;6.916667
6;Coursegoules;6140;43.8;7.033333
6;Tourrettes-sur-Loup;6140;43.716667;7.05
6;Vence;6140;43.716667;7.116667
6;Roquebrune-Cap-Martin;6190;43.766667;7.466667
6;Mandelieu-la-Napoule;6210;43.55;6.933333
6;Vallauris;6220;43.583333;7.05
6;Saint-Jean-Cap-Ferrat;6230;43.683333;7.333333
6;Villefranche-sur-Mer;6230;43.7;7.316667
6;Beausoleil;6240;43.75;7.433333
6;Mougins;6250;43.6;7,0000000
6;Ascros;6260;43.916667;7.016667
6;Auvare;6260;43.983333;6.916667
6;La Croix-sur-Roudoule;6260;43.983333;6.866667
6;La Penne;6260;43.933333;6.95
6;Lieuche;6260;44,0000000;7.016667
6;Pierlas;6260;44.033333;7.033333
6;Puget-Rostang;6260;43.966667;6.916667
6;Puget-Theniers;6260;43.95;6.9
6;Rigaud;6260;44,0000000;6.983333
6;Saint-Antonin;6260;43.916667;6.983333
6;Saint-Leger;6260;44,0000000;6.833333
6;Villeneuve-Loubet;6270;43.65;7.116667
6;Beaulieu-sur-Mer;6310;43.7;7.333333
6;Cap-d'Ail;6320;43.716667;7.4
6;La Turbie;6320;43.75;7.4
6;Cantaron;6340;43.766667;7.316667
6;Drap;6340;43.75;7.316667
6;Eze;6360;43.716667;7.366667
6;Mouans-Sartoux;6370;43.616667;6.966667
6;Moulinet;6380;43.95;7.416667
6;Sospel;6380;43.883333;7.45
6;Bendejun;6390;43.833333;7.3
6;Coaraze;6390;43.866667;7.3
6;Contes;6390;43.816667;7.316667
6;Cannes;6400;43.55;7.016667
6;Biot;6410;43.633333;7.1
6;Bairols;6420;43.983333;7.133333
6;Clans;6420;44,0000000;7.15
6;Ilonse;6420;44.033333;7.1
6;Isola;6420;44.183333;7.05
6;Marie;6420;44.033333;7.133333
6;Rimplas;6420;44.066667;7.133333
6;Roubion;6420;44.083333;7.05
6;Roure;6420;44.083333;7.083333
6;Saint-Sauveur-sur-Tinee;6420;44.083333;7.1
6;La Brigue;6430;44.066667;7.616667
6;Tende;6430;44.083333;7.6
6;Blausasc;6440;43.8;7.366667
6;L'Escarene;6440;43.833333;7.35
6;Luceram;6440;43.883333;7.366667
6;Peille;6440;43.8;7.4
6;Peillon;6440;43.783333;7.383333
6;Belvedere;6450;44,0000000;7.316667
6;La Bollene-Vesubie;6450;43.983333;7.333333
6;Lantosque;6450;43.966667;7.316667
6;Roquebilliere;6450;44.016667;7.3
6;Saint-Martin-Vesubie;6450;44.066667;7.25
6;Utelle;6450;43.916667;7.25
6;Venanson;6450;44.05;7.25
6;Escragnolles;6460;43.733333;6.783333
6;Saint-Vallier-de-Thiey;6460;43.7;6.85
6;Beuil;6470;44.1;6.983333
6;Chateauneuf-d'Entraunes;6470;44.133333;6.833333
6;Daluis;6470;44.016667;6.816667
6;Entraunes;6470;44.183333;6.75
6;Guillaumes;6470;44.083333;6.85
6;Peone;6470;44.116667;6.9
6;Saint-Martin-d'Entraunes;6470;44.133333;6.766667
6;Sauze;6470;44.083333;6.833333
6;La Colle-sur-Loup;6480;43.683333;7.1
6;Castellar;6500;43.8;7.5
6;Castillon;6500;43.833333;7.466667
6;Gorbio;6500;43.783333;7.45
6;Menton;6500;43.783333;7.5
6;Sainte-Agnes;6500;43.8;7.466667
6;Bezaudun-les-Alpes;6510;43.8;7.1
6;Bouyon;6510;43.833333;7.116667
6;Carros;6510;43.8;7.183333
6;Consegudes;6510;43.85;7.05
6;Gattieres;6510;43.766667;7.183333
6;Le Broc;6510;43.816667;7.166667
6;Les Ferres;6510;43.85;7.1
6;Cabris;6530;43.666667;6.866667
6;Le Tignet;6530;43.65;6.85
6;Peymeinade;6530;43.633333;6.883333
6;Speracedes;6530;43.65;6.866667
6;Breil-sur-Roya;6540;43.933333;7.5
6;Fontan;6540;44,0000000;7.55
6;Saorge;6540;43.983333;7.55
6;La Roquette-sur-Siagne;6550;43.6;6.95
6;Valbonne;6560;43.633333;7,0000000
6;Saint-Paul;6570;43.7;7.116667
6;Pegomas;6580;43.6;6.933333
6;Theoule-sur-Mer;6590;43.5;6.933333
6;Antibes;6600;43.583333;7.116667
6;La Gaude;6610;43.716667;7.15
6;Cipieres;6620;43.783333;6.95
6;Courmes;6620;43.75;7.016667
6;Gourdon;6620;43.716667;6.983333
6;Greolieres;6620;43.8;6.95
6;Le Rouret;6650;43.683333;7.016667
6;Opio;6650;43.666667;6.983333
6;Saint-Dalmas-le-Selvage;6660;44.283333;6.866667
6;Saint-Etienne-de-Tinee;6660;44.258333;6.925
6;Castagniers;6670;43.8;7.233333
6;Colomars;6670;43.766667;7.216667
6;Duranus;6670;43.9;7.266667
6;La Roquette-sur-Var;6670;43.833333;7.2
6;Levens;6670;43.866667;7.216667
6;Saint-Blaise;6670;43.833333;7.233333
6;Saint-Martin-du-Var;6670;43.816667;7.2
6;Tourrette-Levens;6690;43.783333;7.266667
6;Saint-Laurent-du-Var;6700;43.666667;7.183333
6;La Tour;6710;43.95;7.183333
6;Malaussene;6710;43.916667;7.133333
6;Massoins;6710;43.933333;7.133333
6;Thiery;6710;43.983333;7.033333
6;Touet-sur-Var;6710;43.95;7,0000000
6;Tournefort;6710;43.95;7.15
6;Villars-sur-Var;6710;43.933333;7.1
6;Saint-Andre de la Roche;6730;43.733333;7.283333
6;Andon;6750;43.766667;6.783333
6;Caille;6750;43.766667;6.733333
6;Seranon;6750;43.766667;6.7
6;Valderoure;6750;43.783333;6.716667
6;Saint-Cezaire-sur-Siagne;6780;43.65;6.8
6;Cagnes-sur-Mer;6800;43.666667;7.15
6;Auribeau-sur-Siagne;6810;43.6;6.916667
6;Bonson;6830;43.866667;7.2
6;Gilette;6830;43.85;7.166667
6;Revest-les-Roches;6830;43.883333;7.15
6;Toudon;6830;43.9;7.116667
6;Brianconnet;6850;43.866667;6.766667
6;Gars;6850;43.866667;6.8
6;Amirat;6910;43.9;6.816667
6;Collongues;6910;43.883333;6.866667
6;Cuebris;6910;43.883333;7.016667
6;Le Mas;6910;43.85;6.866667
6;Les Mujouls;6910;43.883333;6.85
6;Pierrefeu;6910;43.866667;7.083333
6;Roquesteron;6910;43.866667;7,0000000
6;Sigale;6910;43.866667;6.95
6;Falicon;6950;43.75;7.283333
13;Aix-en-Provence;13090;43.533333;5.433333
13;Beaurecueil;13100;43.5;5.55
13;Le Tholonet;13100;43.516667;5.516667
13;Saint-Antonin-sur-Bayon;13100;43.516667;5.583333
13;Saint-Marc-Jaumegarde;13100;43.55;5.516667
13;Mas-Blanc-des-Alpilles;13103;43.79;4.76
13;Saint-Etienne-du-Gres;13103;43.783333;4.716667
13;Mimet;13105;43.416667;5.5
13;Simiane-Collongue;13109;43.416667;5.433333
13;Port-de-Bouc;13110;43.4;4.983333
13;Coudoux;13111;43.55;5.25
13;La Destrousse;13112;43.366667;5.6
13;Lamanon;13113;43.7;5.083333
13;Puyloubier;13114;43.516667;5.683333
13;Saint-Paul-les-Durance;13115;43.683333;5.7
13;Vernegues;13116;43.683333;5.166667
13;Saint-Savournin;13119;43.4;5.533333
13;Gardanne;13120;43.45;5.466667
13;Aurons;13121;43.666667;5.15
13;Ventabren;13122;43.533333;5.3
13;Peypin;13124;43.383333;5.583333
13;Vauvenargues;13126;43.55;5.6
13;Berre-l'Etang;13130;43.466667;5.183333
13;Miramas;13140;43.583333;5,0000000
13;Boulbon;13150;43.866667;4.683333
13;Tarascon;13150;43.8;4.666667
13;Chateaurenard;13160;43.883333;4.85
13;Les Pennes-Mirabeau;13170;43.408333;5.316667
13;Gignac-la-Nerthe;13180;43.391667;5.233333
13;Allauch;13190;43.333333;5.483333
13;Arles;13200;43.666667;4.633333
13;Saint-Remy-de-Provence;13210;43.783333;4.833333
13;Chateauneuf-les-Martigues;13220;43.383333;5.166667
13;Port-Saint-Louis-du-Rhone;13230;43.383333;4.8
13;Septemes-les-Vallons;13240;43.4;5.366667
13;Cornillon-Confoux;13250;43.566667;5.066667
13;Saint-Chamas;13250;43.55;5.033333
13;Cassis;13260;43.216667;5.533333
13;Fos-sur-Mer;13270;43.433333;4.95
13;Salon-de-Provence;13300;43.633333;5.1
13;Saint-Martin-de-Crau;13310;43.633333;4.816667
13;Bouc-Bel-Air;13320;43.45;5.416667
13;La Barben;13330;43.633333;5.183333
13;Pelissanne;13330;43.633333;5.15
13;Rognac;13340;43.483333;5.233333
13;Charleval;13350;43.716667;5.25
13;Roquevaire;13360;43.35;5.6
13;Mallemort;13370;43.733333;5.183333
13;Plan-de-Cuques;13380;43.35;5.466667
13;Auriol;13390;43.383333;5.633333
13;Aubagne;13400;43.283333;5.566667
13;Lambesc;13410;43.65;5.266667
13;Gemenos;13420;43.3;5.633333
13;Eyguieres;13430;43.7;5.033333
13;Cabannes;13440;43.866667;4.95
13;Grans;13450;43.6;5.066667
13;Saintes-Maries-de-la-Mer;13460;43.45;4.425
13;Cabries;13480;43.433333;5.383333
13;Jouques;13490;43.633333;5.633333
13;Martigues;13500;43.4;5.05
13;Eguilles;13510;43.566667;5.366667
13;Les Baux-de-Provence;13520;43.75;4.8
13;Paradou;13520;43.716667;4.783333
13;Trets;13530;43.45;5.683333
13;Noves;13550;43.866667;4.9
13;Senas;13560;43.75;5.083333
13;Barbentane;13570;43.9;4.75
13;La Fare-les-Oliviers;13580;43.55;5.183333
13;Meyreuil;13590;43.483333;5.5
13;Ceyreste;13600;43.216667;5.633333
13;La Ciotat;13600;43.166667;5.6
13;Le Puy-Sainte-Reparade;13610;43.666667;5.433333
13;Saint-Esteve-Janson;13610;43.683333;5.383333
13;Carry-le-Rouet;13620;43.333333;5.15
13;Eyragues;13630;43.833333;4.833333
13;La Roque-d'Antheron;13640;43.716667;5.316667
13;Meyrargues;13650;43.633333;5.533333
13;Orgon;13660;43.783333;5.033333
13;Saint-Andiol;13670;43.833333;4.95
13;Verquieres;13670;43.833333;4.916667
13;Lancon-Provence;13680;43.583333;5.133333
13;Graveson;13690;43.85;4.766667
13;Marignane;13700;43.416667;5.216667
13;Fuveau;13710;43.45;5.566667
13;Belcodene;13720;43.416667;5.583333
13;La Bouilladisse;13720;43.4;5.583333
13;Saint-Victoret;13730;43.416667;5.233333
13;Le Rove;13740;43.366667;5.25
13;Plan-d'Orgon;13750;43.8;5,0000000
13;Saint-Cannat;13760;43.616667;5.3
13;Venelles;13770;43.6;5.483333
13;Cuges-les-Pins;13780;43.283333;5.7
83;Riboux;13780;43.3;5.75
13;Chateauneuf-le-Rouge;13790;43.483333;5.566667
13;Peynier;13790;43.45;5.65
13;Istres;13800;43.516667;4.983333
13;Eygalieres;13810;43.75;4.95
13;Ensues-la-Redonne;13820;43.35;5.2
13;La Penne-sur-Huveaune;13821;43.283333;5.516667
13;Roquefort-la-Bedoule;13830;43.25;5.616667
13;Rognes;13840;43.666667;5.35
13;Greasque;13850;43.433333;5.55
13;Peyrolles-en-Provence;13860;43.65;5.583333
13;Rognonas;13870;43.9;4.8
13;Velaux;13880;43.516667;5.266667
13;Mouries;13890;43.683333;4.866667
13;Maillane;13910;43.833333;4.783333
13;Saint-Mitre-les-Remparts;13920;43.45;5.016667
13;Aureille;13930;43.7;4.95
13;Molleges;13940;43.8;4.95
13;Cadolive;13950;43.383333;5.55
13;Sausset-les-Pins;13960;43.333333;5.116667
13;Alleins;13980;43.7;5.166667
13;Fontvieille;13990;43.316667;5.483333
5;Eourres;26560;44.2;5.7
83;Toulon;83000;43.116667;5.933333
83;Sanary-sur-Mer;83110;43.116667;5.8
83;Ampus;83111;43.6;6.383333
83;Brue-Auriac;83119;43.533333;5.95
83;Plan-de-la-Tour;83120;43.333333;6.55
83;Sainte-Maxime;83120;43.3;6.633333
83;Montferrat;83131;43.616667;6.483333
83;Forcalqueiret;83136;43.333333;6.083333
83;Gareoult;83136;43.333333;6.05
83;La Roquebrussanne;83136;43.333333;5.983333
83;Mazaugues;83136;43.333333;5.916667
83;Meounes-les-Montrieux;83136;43.283333;5.966667
83;Neoules;83136;43.3;6.016667
83;Rocbaron;83136;43.3;6.083333
83;Sainte-Anastasie-sur-Issole;83136;43.333333;6.133333
83;Le Val;83143;43.433333;6.083333
83;Bras;83149;43.466667;5.95
83;Bandol;83150;43.133333;5.75
83;La Valette-du-Var;83160;43.133333;5.983333
83;Brignoles;83170;43.4;6.066667
83;Camps-la-Source;83170;43.383333;6.083333
83;La Celle;83170;43.4;6.033333
83;Rougiers;83170;43.383333;5.85
83;Tourves;83170;43.4;5.933333
83;Vins-sur-Caramy;83170;43.433333;6.15
83;Ollioules;83190;43.133333;5.85
83;Le Revest-les-Eaux;83200;43.366667;6.566667
83;Belgentier;83210;43.25;6,0000000
83;La Farlede;83210;43.166667;6.033333
83;Sollies-Pont;83210;43.183333;6.05
83;Sollies-Toucas;83210;43.2;6.016667
83;Sollies-Ville;83210;43.183333;6.033333
83;Le Pradet;83220;43.1;6.016667
83;Bormes-les-Mimosas;83230;43.15;6.333333
83;Cavalaire-sur-Mer;83240;43.166667;6.533333
83;La Londe-les-Maures;83250;43.133333;6.233333
83;La Crau;83260;43.15;6.066667
83;Saint-Cyr-sur-Mer;83270;43.183333;5.716667
83;Chateaudouble;83300;43.583333;6.45
83;Draguignan;83300;43.533333;6.466667
83;Cogolin;83310;43.25;6.533333
83;Grimaud;83310;43.266667;6.516667
83;La Mole;83310;43.2;6.466667
83;Carqueiranne;83320;43.083333;6.083333
83;Evenos;83330;43.166667;5.85
83;Le Beausset;83330;43.2;5.8
83;Cabasse;83340;43.416667;6.233333
83;Flassans-sur-Issole;83340;43.366667;6.216667
83;Le Cannet-des-Maures;83340;43.4;6.35
83;Le Luc;83340;43.383333;6.316667
83;Le Thoronet;83340;43.45;6.3
83;Les Mayons;83340;43.316667;6.366667
83;Ramatuelle;83350;43.216667;6.616667
83;Cuers;83390;43.233333;6.066667
83;Pierrefeu-du-Var;83390;43.216667;6.133333
83;Puget-Ville;83390;43.283333;6.133333
83;Hyeres;83400;43.116667;6.116667
83;La Croix-Valmer;83420;43.2;6.566667
83;Saint-Mandrier-sur-Mer;83430;43.066667;5.933333
83;Callian;83440;43.633333;6.75
83;Fayence;83440;43.616667;6.683333
83;Mons;83440;43.683333;6.716667
83;Montauroux;83440;43.616667;6.766667
83;Saint-Paul-en-Foret;83440;43.566667;6.683333
83;Seillans;83440;43.633333;6.633333
83;Tanneron;83440;43.583333;6.883333
83;Les Arcs;83460;43.45;6.483333
83;Taradeau;83460;43.45;6.433333
83;Ollieres;83470;43.483333;5.833333
83;Pourcieux;83470;43.466667;5.783333
83;Saint-Maximin-la-Sainte-Baume;83470;43.45;5.866667
83;Puget-sur-Argens;83480;43.45;6.683333
83;Le Muy;83490;43.466667;6.55
83;La Seyne-sur-Mer;83500;43.1;5.883333
83;Lorgues;83510;43.483333;6.366667
83;Roquebrune-sur-Argens;83520;43.433333;6.633333
83;Vidauban;83550;43.416667;6.433333
83;Artigues;83560;43.6;5.8
83;Esparron;83560;43.591667;5.85
83;Ginasservis;83560;43.666667;5.85
83;La Verdiere;83560;43.633333;5.933333
83;Rians;83560;43.616667;5.75
83;Saint-Martin;83560;43.58918;5.88478
83;Vinon-sur-Verdon;83560;43.716667;5.8
83;Carces;83570;43.466667;6.183333
83;Correns;83570;43.483333;6.083333
83;Cotignac;83570;43.533333;6.15
83;Entrecasteaux;83570;43.516667;6.233333
83;Montfort-sur-Argens;83570;43.466667;6.116667
83;Gassin;83580;43.216667;6.583333
83;Gonfaron;83590;43.316667;6.283333
83;Bagnols-en-Foret;83600;43.533333;6.7
83;Frejus;83600;43.43;6.74
83;Collobrieres;83610;43.233333;6.3
83;Aiguines;83630;43.766667;6.25
83;Artignosc-sur-Verdon;83630;43.7;6.1
83;Aups;83630;43.616667;6.233333
83;Bauduen;83630;43.733333;6.183333
83;Les Salles-sur-Verdon;83630;43.766667;6.2
83;Moissac-Bellevue;83630;43.65;6.166667
83;Regusse;83630;43.65;6.133333
83;Verignon;83630;43.65;6.266667
83;Saint-Zacharie;83640;43.383333;5.716667
83;Carnoules;83660;43.3;6.183333
83;Barjols;83670;43.55;6,0000000
83;Chateauvert;83670;43.5;6.016667
83;Fox-Amphoux;83670;43.583333;6.1
83;Montmeyan;83670;43.65;6.066667
83;Ponteves;83670;43.566667;6.05
83;Tavernes;83670;43.6;6.016667
83;Varages;83670;43.6;5.966667
83;La Garde-Freinet;83680;43.316667;6.466667
83;Salernes;83690;43.55;6.233333
83;Sillans-la-Cascade;83690;43.566667;6.183333
83;Tourtour;83690;43.583333;6.3
83;Villecroze;83690;43.583333;6.266667
83;Saint-Raphael;83700;43.416667;6.766667
83;Trans-en-Provence;83720;43.5;6.483333
83;La Cadiere-d'Azur;83740;43.2;5.766667
83;Flayosc;83780;43.533333;6.4
83;Pignans;83790;43.3;6.216667
83;Bargemon;83830;43.616667;6.533333
83;Callas;83830;43.583333;6.533333
83;Claviers;83830;43.6;6.566667
83;Figanieres;83830;43.566667;6.5
83;Bargeme;83840;43.733333;6.566667
83;Brenon;83840;43.766667;6.55
83;Chateauvieux;83840;43.775;6.575
83;Comps-sur-Artuby;83840;43.716667;6.5
83;La Bastide;83840;43.733333;6.616667
83;La Martre;83840;43.766667;6.6
83;La Roque-Esclapon;83840;43.716667;6.633333
83;Le Bourguet;83840;43.783333;6.516667
83;Trigance;83840;43.766667;6.45
83;Nans-les-Pins;83860;43.366667;5.783333
83;Signes;83870;43.3;5.866667
83;Besse-sur-Issole;83890;43.35;6.166667
83;Pourrieres;83910;43.5;5.733333
83;La Motte;83920;43.483333;6.516667
83;Le Lavandou;83980;43.133333;6.366667
83;Saint-Tropez;83990;43.266667;6.633333
84;Avignon;84000;43.95;4.816667
84;Orange;84100;44.133333;4.8
84;Uchaux;84100;44.216667;4.8
84;Buisson;84110;44.283333;5,0000000
84;Crestet;84110;44.216667;5.083333
84;Faucon;84110;44.266667;5.15
84;Puymeras;84110;44.266667;5.133333
84;Rasteau;84110;44.216667;4.983333
84;Roaix;84110;44.25;5.016667
84;Sablet;84110;44.183333;5,0000000
84;Saint-Romain-en-Viennois;84110;44.266667;5.116667
84;Seguret;84110;44.2;5.016667
84;Vaison-la-Romaine;84110;44.233333;5.066667
84;Villedieu;84110;44.283333;5.033333
84;Beaumont-de-Pertuis;84120;43.733333;5.7
84;La Bastidonne;84120;43.716667;5.566667
84;Pertuis;84120;43.683333;5.5
84;Le Pontet;84130;43.966667;4.85
84;Jonquieres;84150;44.116667;4.9
84;Violes;84150;44.166667;4.95
84;Cadenet;84160;43.733333;5.366667
84;Cucuron;84160;43.783333;5.433333
84;Lourmarin;84160;43.766667;5.366667
84;Puyvert;84160;43.766667;5.35
84;Vaugines;84160;43.783333;5.416667
84;Monteux;84170;44.033333;5,0000000
84;Beaumes-de-Venise;84190;44.116667;5.033333
84;Gigondas;84190;44.166667;5,0000000
84;La Roque-Alric;84190;44.15;5.066667
84;Lafare;84190;44.15;5.05
84;Suzette;84190;44.166667;5.066667
84;Vacqueyras;84190;44.133333;4.983333
84;Carpentras;84200;44.05;5.05
84;Althen-des-Paluds;84210;44,0000000;4.95
84;La Roque-sur-Pernes;84210;43.983333;5.1
84;Le Beaucet;84210;43.983333;5.116667
84;Pernes-les-Fontaines;84210;44,0000000;5.05
84;Saint-Didier;84210;44,0000000;5.116667
84;Venasque;84210;43.983333;5.15
84;Beaumettes;84220;43.85;5.233333
84;Cabrieres-d'Avignon;84220;43.9;5.166667
84;Gordes;84220;43.9;5.2
84;Goult;84220;43.866667;5.25
84;Joucas;84220;43.916667;5.25
84;Lioux;84220;43.95;5.316667
84;Murs;84220;43.95;5.25
84;Roussillon;84220;43.9;5.283333
84;Saint-Pantaleon;84220;43.883333;5.25
84;Chateauneuf-du-Pape;84230;44.05;4.833333
84;Ansouis;84240;43.733333;5.466667
84;Cabrieres-d'Aigues;84240;43.783333;5.5
84;Grambois;84240;43.766667;5.583333
84;La Bastide-des-Jourdans;84240;43.783333;5.633333
84;La Motte-d'Aigues;84240;43.766667;5.516667
84;La Tour-d'Aigues;84240;43.733333;5.55
84;Peypin-d'Aigues;84240;43.8;5.566667
84;Sannes;84240;43.75;5.483333
84;Le Thor;84250;43.933333;5,0000000
84;Sarrians;84260;44.083333;4.966667
84;Vedene;84270;43.983333;4.9
84;Cairanne;84290;44.233333;4.933333
84;Lagarde-Pareol;84290;44.216667;4.85
84;Sainte-Cecile-les-Vignes;84290;44.25;4.883333
84;Saint-Roman-de-Malegarde;84290;44.266667;4.966667
84;Cavaillon;84300;43.84;5.04
84;Taillades;84300;43.833333;5.1
84;Caromb;84330;44.116667;5.1
84;Le Barroux;84330;44.133333;5.1
84;Modene;84330;44.1;5.116667
84;Saint-Pierre-de-Vassols;84330;44.1;5.15
84;Beaumont-du-Ventoux;84340;44.183333;5.166667
84;Entrechaux;84340;44.216667;5.133333
84;Malaucene;84340;44.166667;5.133333
84;Courthezon;84350;44.083333;4.883333
84;Lauris;84360;43.75;5.316667
84;Merindol;84360;43.75;5.2
84;Puget;84360;43.75;5.3
84;Bedarrides;84370;44.033333;4.9
84;Mazan;84380;44.05;5.133333
84;Aurel;84390;44.133333;5.416667
84;Brantes;84390;44.183333;5.333333
84;Monieux;84390;44.066667;5.366667
84;Saint-Christol;84390;44.033333;5.5
84;Saint-Leger-du-Ventoux;84390;44.2;5.266667
84;Saint-Trinit;84390;44.1;5.466667
84;Savoillan;84390;44.183333;5.383333
84;Apt;84400;43.883333;5.4
84;Castellet;84400;43.85;5.483333
84;Gargas;84400;43.9;5.383333
84;Gignac;84400;43.916667;5.533333
84;Lagarde-d'Apt;84400;43.983333;5.483333
84;Rustrel;84400;43.916667;5.483333
84;Saignon;84400;43.866667;5.433333
84;Sivergues;84400;43.833333;5.4
84;Villars;84400;43.916667;5.4
84;Bedoin;84410;44.116667;5.166667
84;Crillon-le-Brave;84410;44.116667;5.15
84;Flassan;84410;44.1;5.25
84;Piolenc;84420;44.183333;4.766667
84;Mondragon;84430;44.233333;4.716667
84;Robion;84440;43.85;5.116667
84;Jonquerettes;84450;43.95;4.933333
84;Cheval-Blanc;84460;43.8;5.066667
84;Chateauneuf-de-Gadagne;84470;43.933333;4.933333
84;Bonnieux;84480;43.816667;5.3
84;Buoux;84480;43.833333;5.383333
84;Lacoste;84480;43.833333;5.3
84;Bollene;84500;44.283333;4.75
84;Caumont-sur-Durance;84510;43.9;4.95
84;Villelaure;84530;43.716667;5.433333
84;Mornas;84550;44.2;4.733333
84;Menerbes;84560;43.833333;5.216667
84;Blauvac;84570;44.033333;5.2
84;Malemort-du-Comtat;84570;44.016667;5.166667
84;Methamis;84570;44.016667;5.216667
84;Mormoiron;84570;44.066667;5.183333
84;Villes-sur-Auzon;84570;44.05;5.233333
84;Oppede;84580;43.833333;5.183333
84;Grillon;84600;44.4;4.933333
84;Richerenches;84600;44.366667;4.916667
84;Valreas;84600;44.383333;4.983333
84;Maubec;84660;43.85;5.166667
84;Sorgues;84700;44,0000000;4.866667
84;Velleron;84740;43.95;5.033333
84;Caseneuve;84750;43.883333;5.483333
84;Saint-Martin-de-Castillon;84750;43.866667;5.516667
84;Viens;84750;43.9;5.566667
84;Saint-Martin-de-la-Brasque;84760;43.766667;5.533333
84;Fontaine-de-Vaucluse;84800;43.916667;5.133333
84;Lagnes;84800;43.9;5.116667
84;L'Isle-sur-la-Sorgue;84800;43.916667;5.05
84;Aubignan;84810;44.1;5.016667
84;Visan;84820;44.3;4.966667
84;Serignan-du-Comtat;84830;44.183333;4.85
84;Lamotte-du-Rhone;84840;44.266667;4.683333
84;Lapalud;84840;44.3;4.683333
84;Camaret-sur-Aigues;84850;44.166667;4.883333
84;Travaillan;84850;44.183333;4.9
84;Caderousse;84860;44.1;4.75
84;Loriol-du-Comtat;84870;44.083333;5,0000000
;;;;
;;;;
;;;;
;;;;
;;;;
;;;;
;;;;
;;;;
;;;;
;;;;
;;;;
;;;;
;;;;
;;;;
;;;;
;;;;
;;;;
;;;;
;;;;
;;;;
;;;;
;;;;
;;;;
;;;;
;;;;
;;;;
;;;;
;;;;
;;;;
;;;;
;;;;
;;;;
;;;;
;;;;
;;;;
;;;;
;;;;
;;;;
;;;;
;;;;
;;;;
;;;;
;;;;
;;;;
;;;;
;;;;
;;;;
;;;;
;;;;
;;;;
;;;;
;;;;
;;;;
;;;;
;;;;
;;;;
;;;;
;;;;
;;;;
;;;;
;;;;
;;;;
;;;;
;;;;
;;;;
;;;;
;;;;
;;;;
;;;;
;;;;
;;;;
;;;;
;;;;
;;;;
;;;;
;;;;
;;;;
;;;;
;;;;
;;;;
;;;;
;;;;
;;;;
;;;;
;;;;
;;;;
;;;;
;;;;
;;;;
;;;;
;;;;
;;;;
;;;;
;;;;
;;;;
;;;;
;;;;
;;;;
;;;;
;;;;
;;;;
;;;;
;;;;
